Hash,File Name,Code Signer,Icon Hash
ea21bb45e85a0cc83e1f20791e2955187bac5b59092fe50ff60cdb118d82c13a,PDFXonline.exe,"
Swift Flow LLC",10c8dc9c9abcb401
361d8d1e6c92cba4ec37fb791fdd66f7becd170d29348d9df199252a41c58f6e,PDFXonline.exe,"
Swift Flow LLC",10c8dc9c9abcb401
92397a257efc4f0740fa80c220b30700b5336c0c43b91edfd311cb90f1988aaa,PrimePDFConvert.exe,unsigned,f0c8a22593b2c8f0
4bdcccc7b3b064e3b7b0477614fea345e88367a068acfb14c8abbf269f501028,PrimePDFConvert.exe,Beyond Ideas LLC,f0c8a22593b2c8f0
8a28fb8a4a6e5a4dd3e4de02d07a6917db479b016f18aee549e01334a91115fd,PrimePDFConvert.exe,unsigned,f0c8a22593b2c8f0
acb643ed17690e88c0bf8e44d40aefa677621ecbf9a0ca7b9b23667f35f7d5e9,PDFXlab.exe,00 Limits LLC,f0cca2baba82ccf0
544a3545de7c15035f152a7ad671483b7bf7729a8ee725e3a274697cbfdf04a4,PDFriend.exe,unsigned,e8cc8e6c7763d2f8
c9a6df0651955becb0087d00b3a4395a9fd0f26074ca117c6402a8b382fdd37e,PrimePDFConvert.exe,Beyond Ideas LLC,f0c8a22593b2c8f0
9dc48b5f0b75020a247ec34d3d8a555f4400f5b4eb7ce05e9ef1e04df5dbf7dd,PDFabulous.exe,OSAds LTD,74f8f8f0e058f0cc
b7856fc3b23c8db363bd5d71cea33a8abc7fa17b4fecb170bf8432944d36918d,PDFabulous.exe,OSAds LTD,74f8f8f0e058f0cc
8ab984ac08c2cd4c79d2c3ee8e6da60269fd32bfb0fc8749e25174b41b78fcbd,PDFriend.exe,THE-SHOP STOP LLC,e8cc8e6c7763d2f8
878140b4707782a2b7d838d11586ff4696216485e65750a145b5e13cd88b5960,PrimePDFConvert.exe,Beyond Ideas LLC,f0c8a22593b2c8f0
4225514cc482f08ce64cc05aec25c693d17672c62395880cb61d73a13f077b60,PrimePDFConvert.exe,unsigned,f0c8a22593b2c8f0
456708d1241972fc6ee9114635e2d3b36d27693207fa3f7a2bf4eefc951d9553,WebbyPDF.exe,00 Limits LLC,e8f8e0d4d4d4e8e0
baff929bd28aea8736108dd6ca9eab805fdf4a29371e06a9353c40ce47bdd75b,PDFXlab.exe,unsigned,f0cca2baba82ccf0
4d8c313c0ce40add615adc5ec386842c44bad856ea03c069fcd12ff614928519,PDFriend.exe,CALLED SPARKLINE LLC,e8cc8e6c7763d2f8
352b90f67f206c8c2cdcedd7145e3ce79e2df64475c83fe34f85c08d8dd54dbf,PDFriend.exe,CALLED SPARKLINE LLC,e8cc8e6c7763d2f8
06b8558b80cb037323f154b6013e0e34315f28ff1c1e5f18debd7a1d7404e68b,PDFriend.exe,CALLED SPARKLINE LLC,e8cc8e6c7763d2f8
9115fd512a65bfef3045f432ef11b895f943580d0c78ac518339e296b26fa8cf,PDFriend.exe,unsigned,e8cc8e6c7763d2f8
3b1989aab11e7e37a4d21b7589a14d2326c3cf53de370484a477e31c8926c413,PDFXonline.exe,unsigned,10c8dc9c9abcb401
85c5abd17c927f43dfba1513a807acfa278c83616f1d1b09079ece7ab08c4a5a,MyConvertly.exe,Ali LLC,e8f8e0d4d4d4e8e0
b6dfc70e66601f84a60d0547a1aa66e7a0e19cbeac7dfcef20e60639d097e736,PDFChampions.exe,Flooencia Media LLC,96aaaaaaaaaaca8a
438bffa2420a6a0a17344135160c635d16c029d267d441de539fd45f5c17f551,PDFSupernova.exe,Trivolead LTD,04c0f8bcfe7ebc40
59240282b3ce84056841fa9a8ecda216933855abcb39e7b533c461348717981c,PDFStunner.exe,OSAds LTD,b870e4d0f0e90240
